product_id,product_name,category
P0001,Product 1,Electronics
P0002,Product 2,Clothing
P0003,Product 3,Books
P0004,Product 4,Sports
P0005,Product 5,Home
P0006,Product 6,Electronics
P0007,Product 7,Clothing
P0008,Product 8,Books
P0009,Product 9,Sports
P0010,Product 10,Home
P0011,Product 11,Electronics
P0012,Product 12,Clothing
P0013,Product 13,Books
P0014,Product 14,Sports
P0015,Product 15,Home
P0016,Product 16,Electronics
P0017,Product 17,Clothing
P0018,Product 18,Books
P0019,Product 19,Sports
P0020,Product 20,Home
P0021,Product 21,Electronics
P0022,Product 22,Clothing
P0023,Product 23,Books
P0024,Product 24,Sports
P0025,Product 25,Home
P0026,Product 26,Electronics
P0027,Product 27,Clothing
P0028,Product 28,Books
P0029,Product 29,Sports
P0030,Product 30,Home
P0031,Product 31,Electronics
P0032,Product 32,Clothing
P0033,Product 33,Books
P0034,Product 34,Sports
P0035,Product 35,Home
P0036,Product 36,Electronics
P0037,Product 37,Clothing
P0038,Product 38,Books
P0039,Product 39,Sports
P0040,Product 40,Home
P0041,Product 41,Electronics
P0042,Product 42,Clothing
P0043,Product 43,Books
P0044,Product 44,Sports
P0045,Product 45,Home
P0046,Product 46,Electronics
P0047,Product 47,Clothing
P0048,Product 48,Books
P0049,Product 49,Sports
P0050,Product 50,Home
P0051,Product 51,Electronics
P0052,Product 52,Clothing
P0053,Product 53,Books
P0054,Product 54,Sports
P0055,Product 55,Home
P0056,Product 56,Electronics
P0057,Product 57,Clothing
P0058,Product 58,Books
P0059,Product 59,Sports
P0060,Product 60,Home
P0061,Product 61,Electronics
P0062,Product 62,Clothing
P0063,Product 63,Books
P0064,Product 64,Sports
P0065,Product 65,Home
P0066,Product 66,Electronics
P0067,Product 67,Clothing
P0068,Product 68,Books
P0069,Product 69,Sports
P0070,Product 70,Home
P0071,Product 71,Electronics
P0072,Product 72,Clothing
P0073,Product 73,Books
P0074,Product 74,Sports
P0075,Product 75,Home
P0076,Product 76,Electronics
P0077,Product 77,Clothing
P0078,Product 78,Books
P0079,Product 79,Sports
P0080,Product 80,Home
P0081,Product 81,Electronics
P0082,Product 82,Clothing
P0083,Product 83,Books
P0084,Product 84,Sports
P0085,Product 85,Home
P0086,Product 86,Electronics
P0087,Product 87,Clothing
P0088,Product 88,Books
P0089,Product 89,Sports
P0090,Product 90,Home
P0091,Product 91,Electronics
P0092,Product 92,Clothing
P0093,Product 93,Books
P0094,Product 94,Sports
P0095,Product 95,Home
P0096,Product 96,Electronics
P0097,Product 97,Clothing
P0098,Product 98,Books
P0099,Product 99,Sports
P0100,Product 100,Home
P0101,Product 101,Electronics
P0102,Product 102,Clothing
P0103,Product 103,Books
P0104,Product 104,Sports
P0105,Product 105,Home
P0106,Product 106,Electronics
P0107,Product 107,Clothing
P0108,Product 108,Books
P0109,Product 109,Sports
P0110,Product 110,Home
P0111,Product 111,Electronics
P0112,Product 112,Clothing
P0113,Product 113,Books
P0114,Product 114,Sports
P0115,Product 115,Home
P0116,Product 116,Electronics
P0117,Product 117,Clothing
P0118,Product 118,Books
P0119,Product 119,Sports
P0120,Product 120,Home
P0121,Product 121,Electronics
P0122,Product 122,Clothing
P0123,Product 123,Books
P0124,Product 124,Sports
P0125,Product 125,Home
P0126,Product 126,Electronics
P0127,Product 127,Clothing
P0128,Product 128,Books
P0129,Product 129,Sports
P0130,Product 130,Home
P0131,Product 131,Electronics
P0132,Product 132,Clothing
P0133,Product 133,Books
P0134,Product 134,Sports
P0135,Product 135,Home
P0136,Product 136,Electronics
P0137,Product 137,Clothing
P0138,Product 138,Books
P0139,Product 139,Sports
P0140,Product 140,Home
P0141,Product 141,Electronics
P0142,Product 142,Clothing
P0143,Product 143,Books
P0144,Product 144,Sports
P0145,Product 145,Home
P0146,Product 146,Electronics
P0147,Product 147,Clothing
P0148,Product 148,Books
P0149,Product 149,Sports
P0150,Product 150,Home
P0151,Product 151,Electronics
P0152,Product 152,Clothing
P0153,Product 153,Books
P0154,Product 154,Sports
P0155,Product 155,Home
P0156,Product 156,Electronics
P0157,Product 157,Clothing
P0158,Product 158,Books
P0159,Product 159,Sports
P0160,Product 160,Home
P0161,Product 161,Electronics
P0162,Product 162,Clothing
P0163,Product 163,Books
P0164,Product 164,Sports
P0165,Product 165,Home
P0166,Product 166,Electronics
P0167,Product 167,Clothing
P0168,Product 168,Books
P0169,Product 169,Sports
P0170,Product 170,Home
P0171,Product 171,Electronics
P0172,Product 172,Clothing
P0173,Product 173,Books
P0174,Product 174,Sports
P0175,Product 175,Home
P0176,Product 176,Electronics
P0177,Product 177,Clothing
P0178,Product 178,Books
P0179,Product 179,Sports
P0180,Product 180,Home
P0181,Product 181,Electronics
P0182,Product 182,Clothing
P0183,Product 183,Books
P0184,Product 184,Sports
P0185,Product 185,Home
P0186,Product 186,Electronics
P0187,Product 187,Clothing
P0188,Product 188,Books
P0189,Product 189,Sports
P0190,Product 190,Home
P0191,Product 191,Electronics
P0192,Product 192,Clothing
P0193,Product 193,Books
P0194,Product 194,Sports
P0195,Product 195,Home
P0196,Product 196,Electronics
P0197,Product 197,Clothing
P0198,Product 198,Books
P0199,Product 199,Sports
P0200,Product 200,Home
P0201,Product 201,Electronics
P0202,Product 202,Clothing
P0203,Product 203,Books
P0204,Product 204,Sports
P0205,Product 205,Home
P0206,Product 206,Electronics
P0207,Product 207,Clothing
P0208,Product 208,Books
P0209,Product 209,Sports
P0210,Product 210,Home
P0211,Product 211,Electronics
P0212,Product 212,Clothing
P0213,Product 213,Books
P0214,Product 214,Sports
P0215,Product 215,Home
P0216,Product 216,Electronics
P0217,Product 217,Clothing
P0218,Product 218,Books
P0219,Product 219,Sports
P0220,Product 220,Home
P0221,Product 221,Electronics
P0222,Product 222,Clothing
P0223,Product 223,Books
P0224,Product 224,Sports
P0225,Product 225,Home
P0226,Product 226,Electronics
P0227,Product 227,Clothing
P0228,Product 228,Books
P0229,Product 229,Sports
P0230,Product 230,Home
P0231,Product 231,Electronics
P0232,Product 232,Clothing
P0233,Product 233,Books
P0234,Product 234,Sports
P0235,Product 235,Home
P0236,Product 236,Electronics
P0237,Product 237,Clothing
P0238,Product 238,Books
P0239,Product 239,Sports
P0240,Product 240,Home
P0241,Product 241,Electronics
P0242,Product 242,Clothing
P0243,Product 243,Books
P0244,Product 244,Sports
P0245,Product 245,Home
P0246,Product 246,Electronics
P0247,Product 247,Clothing
P0248,Product 248,Books
P0249,Product 249,Sports
P0250,Product 250,Home
P0251,Product 251,Electronics
P0252,Product 252,Clothing
P0253,Product 253,Books
P0254,Product 254,Sports
P0255,Product 255,Home
P0256,Product 256,Electronics
P0257,Product 257,Clothing
P0258,Product 258,Books
P0259,Product 259,Sports
P0260,Product 260,Home
P0261,Product 261,Electronics
P0262,Product 262,Clothing
P0263,Product 263,Books
P0264,Product 264,Sports
P0265,Product 265,Home
P0266,Product 266,Electronics
P0267,Product 267,Clothing
P0268,Product 268,Books
P0269,Product 269,Sports
P0270,Product 270,Home
P0271,Product 271,Electronics
P0272,Product 272,Clothing
P0273,Product 273,Books
P0274,Product 274,Sports
P0275,Product 275,Home
P0276,Product 276,Electronics
P0277,Product 277,Clothing
P0278,Product 278,Books
P0279,Product 279,Sports
P0280,Product 280,Home
P0281,Product 281,Electronics
P0282,Product 282,Clothing
P0283,Product 283,Books
P0284,Product 284,Sports
P0285,Product 285,Home
P0286,Product 286,Electronics
P0287,Product 287,Clothing
P0288,Product 288,Books
P0289,Product 289,Sports
P0290,Product 290,Home
P0291,Product 291,Electronics
P0292,Product 292,Clothing
P0293,Product 293,Books
P0294,Product 294,Sports
P0295,Product 295,Home
P0296,Product 296,Electronics
P0297,Product 297,Clothing
P0298,Product 298,Books
P0299,Product 299,Sports
P0300,Product 300,Home
P0301,Product 301,Electronics
P0302,Product 302,Clothing
P0303,Product 303,Books
P0304,Product 304,Sports
P0305,Product 305,Home
P0306,Product 306,Electronics
P0307,Product 307,Clothing
P0308,Product 308,Books
P0309,Product 309,Sports
P0310,Product 310,Home
P0311,Product 311,Electronics
P0312,Product 312,Clothing
P0313,Product 313,Books
P0314,Product 314,Sports
P0315,Product 315,Home
P0316,Product 316,Electronics
P0317,Product 317,Clothing
P0318,Product 318,Books
P0319,Product 319,Sports
P0320,Product 320,Home
P0321,Product 321,Electronics
P0322,Product 322,Clothing
P0323,Product 323,Books
P0324,Product 324,Sports
P0325,Product 325,Home
P0326,Product 326,Electronics
P0327,Product 327,Clothing
P0328,Product 328,Books
P0329,Product 329,Sports
P0330,Product 330,Home
P0331,Product 331,Electronics
P0332,Product 332,Clothing
P0333,Product 333,Books
P0334,Product 334,Sports
P0335,Product 335,Home
P0336,Product 336,Electronics
P0337,Product 337,Clothing
P0338,Product 338,Books
P0339,Product 339,Sports
P0340,Product 340,Home
P0341,Product 341,Electronics
P0342,Product 342,Clothing
P0343,Product 343,Books
P0344,Product 344,Sports
P0345,Product 345,Home
P0346,Product 346,Electronics
P0347,Product 347,Clothing
P0348,Product 348,Books
P0349,Product 349,Sports
P0350,Product 350,Home
P0351,Product 351,Electronics
P0352,Product 352,Clothing
P0353,Product 353,Books
P0354,Product 354,Sports
P0355,Product 355,Home
P0356,Product 356,Electronics
P0357,Product 357,Clothing
P0358,Product 358,Books
P0359,Product 359,Sports
P0360,Product 360,Home
P0361,Product 361,Electronics
P0362,Product 362,Clothing
P0363,Product 363,Books
P0364,Product 364,Sports
P0365,Product 365,Home
P0366,Product 366,Electronics
P0367,Product 367,Clothing
P0368,Product 368,Books
P0369,Product 369,Sports
P0370,Product 370,Home
P0371,Product 371,Electronics
P0372,Product 372,Clothing
P0373,Product 373,Books
P0374,Product 374,Sports
P0375,Product 375,Home
P0376,Product 376,Electronics
P0377,Product 377,Clothing
P0378,Product 378,Books
P0379,Product 379,Sports
P0380,Product 380,Home
P0381,Product 381,Electronics
P0382,Product 382,Clothing
P0383,Product 383,Books
P0384,Product 384,Sports
P0385,Product 385,Home
P0386,Product 386,Electronics
P0387,Product 387,Clothing
P0388,Product 388,Books
P0389,Product 389,Sports
P0390,Product 390,Home
P0391,Product 391,Electronics
P0392,Product 392,Clothing
P0393,Product 393,Books
P0394,Product 394,Sports
P0395,Product 395,Home
P0396,Product 396,Electronics
P0397,Product 397,Clothing
P0398,Product 398,Books
P0399,Product 399,Sports
P0400,Product 400,Home
P0401,Product 401,Electronics
P0402,Product 402,Clothing
P0403,Product 403,Books
P0404,Product 404,Sports
P0405,Product 405,Home
P0406,Product 406,Electronics
P0407,Product 407,Clothing
P0408,Product 408,Books
P0409,Product 409,Sports
P0410,Product 410,Home
P0411,Product 411,Electronics
P0412,Product 412,Clothing
P0413,Product 413,Books
P0414,Product 414,Sports
P0415,Product 415,Home
P0416,Product 416,Electronics
P0417,Product 417,Clothing
P0418,Product 418,Books
P0419,Product 419,Sports
P0420,Product 420,Home
P0421,Product 421,Electronics
P0422,Product 422,Clothing
P0423,Product 423,Books
P0424,Product 424,Sports
P0425,Product 425,Home
P0426,Product 426,Electronics
P0427,Product 427,Clothing
P0428,Product 428,Books
P0429,Product 429,Sports
P0430,Product 430,Home
P0431,Product 431,Electronics
P0432,Product 432,Clothing
P0433,Product 433,Books
P0434,Product 434,Sports
P0435,Product 435,Home
P0436,Product 436,Electronics
P0437,Product 437,Clothing
P0438,Product 438,Books
P0439,Product 439,Sports
P0440,Product 440,Home
P0441,Product 441,Electronics
P0442,Product 442,Clothing
P0443,Product 443,Books
P0444,Product 444,Sports
P0445,Product 445,Home
P0446,Product 446,Electronics
P0447,Product 447,Clothing
P0448,Product 448,Books
P0449,Product 449,Sports
P0450,Product 450,Home
P0451,Product 451,Electronics
P0452,Product 452,Clothing
P0453,Product 453,Books
P0454,Product 454,Sports
P0455,Product 455,Home
P0456,Product 456,Electronics
P0457,Product 457,Clothing
P0458,Product 458,Books
P0459,Product 459,Sports
P0460,Product 460,Home
P0461,Product 461,Electronics
P0462,Product 462,Clothing
P0463,Product 463,Books
P0464,Product 464,Sports
P0465,Product 465,Home
P0466,Product 466,Electronics
P0467,Product 467,Clothing
P0468,Product 468,Books
P0469,Product 469,Sports
P0470,Product 470,Home
P0471,Product 471,Electronics
P0472,Product 472,Clothing
P0473,Product 473,Books
P0474,Product 474,Sports
P0475,Product 475,Home
P0476,Product 476,Electronics
P0477,Product 477,Clothing
P0478,Product 478,Books
P0479,Product 479,Sports
P0480,Product 480,Home
P0481,Product 481,Electronics
P0482,Product 482,Clothing
P0483,Product 483,Books
P0484,Product 484,Sports
P0485,Product 485,Home
P0486,Product 486,Electronics
P0487,Product 487,Clothing
P0488,Product 488,Books
P0489,Product 489,Sports
P0490,Product 490,Home
P0491,Product 491,Electronics
P0492,Product 492,Clothing
P0493,Product 493,Books
P0494,Product 494,Sports
P0495,Product 495,Home
P0496,Product 496,Electronics
P0497,Product 497,Clothing
P0498,Product 498,Books
P0499,Product 499,Sports
P0500,Product 500,Home
